{"cameraMode":{"drawMode":0,"name":"Shaded","section":"Shading Mode"},"sceneLighting":true,"audioPlay":false,"sceneViewState":{"m_AlwaysRefresh":false,"showFog":true,"showSkybox":true,"showFlares":true,"showImageEffects":true,"showParticleSystems":true,"showVisualEffectGraphs":true,"m_FxEnabled":true},"in2DMode":false,"pivot":{"x":-1.3473964929580689,"y":0.9933984279632568,"z":-5.1135149002075199},"rotation":{"x":-0.007464542519301176,"y":0.9903976917266846,"z":-0.12123803794384003,"w":-0.06093216314911842},"size":5.377076148986816,"orthographic":false}