{"cameraMode":{"drawMode":0,"name":"Shaded","section":"Shading Mode"},"sceneLighting":true,"audioPlay":false,"sceneViewState":{"m_AlwaysRefresh":false,"showFog":true,"showSkybox":true,"showFlares":true,"showImageEffects":true,"showParticleSystems":true,"showVisualEffectGraphs":true,"m_FxEnabled":true},"in2DMode":false,"pivot":{"x":0.7115011215209961,"y":1.233848214149475,"z":1.195783257484436},"rotation":{"x":0.08565708249807358,"y":-0.01974848099052906,"z":0.0016701313434168697,"w":0.9957683086395264},"size":3.0205612182617189,"orthographic":false}